ID,Name,Salary,Dept,Address,City,State,Email,Phone
1,Name1,5001,Dept1,Address1,City1,State1,user1@example.com,1234567891
2,Name2,5002,Dept2,Address2,City2,State2,user2@example.com,1234567892
3,Name3,5003,Dept3,Address3,City3,State3,user3@example.com,1234567893
4,Name4,5004,Dept4,Address4,City4,State4,user4@example.com,1234567894
5,Name5,5005,Dept5,Address5,City5,State5,user5@example.com,1234567895
6,Name6,5006,Dept6,Address6,City6,State6,user6@example.com,1234567896
7,Name7,5007,Dept7,Address7,City7,State7,user7@example.com,1234567897
8,Name8,5008,Dept8,Address8,City8,State8,user8@example.com,1234567898
9,Name9,5009,Dept9,Address9,City9,State9,user9@example.com,1234567899
10,Name10,5010,Dept0,Address10,City10,State10,user10@example.com,1234567890
11,Name11,5011,Dept1,Address11,City11,State11,user11@example.com,1234567891
12,Name12,5012,Dept2,Address12,City12,State12,user12@example.com,1234567892
13,Name13,5013,Dept3,Address13,City13,State13,user13@example.com,1234567893
14,Name14,5014,Dept4,Address14,City14,State14,user14@example.com,1234567894
15,Name15,5015,Dept5,Address15,City15,State15,user15@example.com,1234567895
16,Name16,5016,Dept6,Address16,City16,State16,user16@example.com,1234567896
17,Name17,5017,Dept7,Address17,City17,State17,user17@example.com,1234567897
18,Name18,5018,Dept8,Address18,City18,State18,user18@example.com,1234567898
19,Name19,5019,Dept9,Address19,City19,State19,user19@example.com,1234567899
20,Name20,5020,Dept0,Address20,City20,State20,user20@example.com,1234567890
21,Name21,5021,Dept1,Address21,City21,State21,user21@example.com,1234567891
22,Name22,5022,Dept2,Address22,City22,State22,user22@example.com,1234567892
23,Name23,5023,Dept3,Address23,City23,State23,user23@example.com,1234567893
24,Name24,5024,Dept4,Address24,City24,State24,user24@example.com,1234567894
25,Name25,5025,Dept5,Address25,City25,State25,user25@example.com,1234567895
26,Name26,5026,Dept6,Address26,City26,State26,user26@example.com,1234567896
27,Name27,5027,Dept7,Address27,City27,State27,user27@example.com,1234567897
28,Name28,5028,Dept8,Address28,City28,State28,user28@example.com,1234567898
29,Name29,5029,Dept9,Address29,City29,State29,user29@example.com,1234567899
30,Name30,5030,Dept0,Address30,City30,State30,user30@example.com,1234567890
31,Name31,5031,Dept1,Address31,City31,State31,user31@example.com,1234567891
32,Name32,5032,Dept2,Address32,City32,State32,user32@example.com,1234567892
33,Name33,5033,Dept3,Address33,City33,State33,user33@example.com,1234567893
34,Name34,5034,Dept4,Address34,City34,State34,user34@example.com,1234567894
35,Name35,5035,Dept5,Address35,City35,State35,user35@example.com,1234567895
36,Name36,5036,Dept6,Address36,City36,State36,user36@example.com,1234567896
37,Name37,5037,Dept7,Address37,City37,State37,user37@example.com,1234567897
38,Name38,5038,Dept8,Address38,City38,State38,user38@example.com,1234567898
39,Name39,5039,Dept9,Address39,City39,State39,user39@example.com,1234567899
40,Name40,5040,Dept0,Address40,City40,State40,user40@example.com,1234567890
41,Name41,5041,Dept1,Address41,City41,State41,user41@example.com,1234567891
42,Name42,5042,Dept2,Address42,City42,State42,user42@example.com,1234567892
43,Name43,5043,Dept3,Address43,City43,State43,user43@example.com,1234567893
44,Name44,5044,Dept4,Address44,City44,State44,user44@example.com,1234567894
45,Name45,5045,Dept5,Address45,City45,State45,user45@example.com,1234567895
46,Name46,5046,Dept6,Address46,City46,State46,user46@example.com,1234567896
47,Name47,5047,Dept7,Address47,City47,State47,user47@example.com,1234567897
48,Name48,5048,Dept8,Address48,City48,State48,user48@example.com,1234567898
49,Name49,5049,Dept9,Address49,City49,State49,user49@example.com,1234567899
50,Name50,5050,Dept0,Address50,City50,State0,user50@example.com,1234567890
51,Name51,5051,Dept1,Address51,City51,State1,user51@example.com,1234567891
52,Name52,5052,Dept2,Address52,City52,State2,user52@example.com,1234567892
53,Name53,5053,Dept3,Address53,City53,State3,user53@example.com,1234567893
54,Name54,5054,Dept4,Address54,City54,State4,user54@example.com,1234567894
55,Name55,5055,Dept5,Address55,City55,State5,user55@example.com,1234567895
56,Name56,5056,Dept6,Address56,City56,State6,user56@example.com,1234567896
57,Name57,5057,Dept7,Address57,City57,State7,user57@example.com,1234567897
58,Name58,5058,Dept8,Address58,City58,State8,user58@example.com,1234567898
59,Name59,5059,Dept9,Address59,City59,State9,user59@example.com,1234567899
60,Name60,5060,Dept0,Address60,City60,State10,user60@example.com,1234567890
61,Name61,5061,Dept1,Address61,City61,State11,user61@example.com,1234567891
62,Name62,5062,Dept2,Address62,City62,State12,user62@example.com,1234567892
63,Name63,5063,Dept3,Address63,City63,State13,user63@example.com,1234567893
64,Name64,5064,Dept4,Address64,City64,State14,user64@example.com,1234567894
65,Name65,5065,Dept5,Address65,City65,State15,user65@example.com,1234567895
66,Name66,5066,Dept6,Address66,City66,State16,user66@example.com,1234567896
67,Name67,5067,Dept7,Address67,City67,State17,user67@example.com,1234567897
68,Name68,5068,Dept8,Address68,City68,State18,user68@example.com,1234567898
69,Name69,5069,Dept9,Address69,City69,State19,user69@example.com,1234567899
70,Name70,5070,Dept0,Address70,City70,State20,user70@example.com,1234567890
71,Name71,5071,Dept1,Address71,City71,State21,user71@example.com,1234567891
72,Name72,5072,Dept2,Address72,City72,State22,user72@example.com,1234567892
73,Name73,5073,Dept3,Address73,City73,State23,user73@example.com,1234567893
74,Name74,5074,Dept4,Address74,City74,State24,user74@example.com,1234567894
75,Name75,5075,Dept5,Address75,City75,State25,user75@example.com,1234567895
76,Name76,5076,Dept6,Address76,City76,State26,user76@example.com,1234567896
77,Name77,5077,Dept7,Address77,City77,State27,user77@example.com,1234567897
78,Name78,5078,Dept8,Address78,City78,State28,user78@example.com,1234567898
79,Name79,5079,Dept9,Address79,City79,State29,user79@example.com,1234567899
80,Name80,5080,Dept0,Address80,City80,State30,user80@example.com,1234567890
81,Name81,5081,Dept1,Address81,City81,State31,user81@example.com,1234567891
82,Name82,5082,Dept2,Address82,City82,State32,user82@example.com,1234567892
83,Name83,5083,Dept3,Address83,City83,State33,user83@example.com,1234567893
84,Name84,5084,Dept4,Address84,City84,State34,user84@example.com,1234567894
85,Name85,5085,Dept5,Address85,City85,State35,user85@example.com,1234567895
86,Name86,5086,Dept6,Address86,City86,State36,user86@example.com,1234567896
87,Name87,5087,Dept7,Address87,City87,State37,user87@example.com,1234567897
88,Name88,5088,Dept8,Address88,City88,State38,user88@example.com,1234567898
89,Name89,5089,Dept9,Address89,City89,State39,user89@example.com,1234567899
90,Name90,5090,Dept0,Address90,City90,State40,user90@example.com,1234567890
91,Name91,5091,Dept1,Address91,City91,State41,user91@example.com,1234567891
92,Name92,5092,Dept2,Address92,City92,State42,user92@example.com,1234567892
93,Name93,5093,Dept3,Address93,City93,State43,user93@example.com,1234567893
94,Name94,5094,Dept4,Address94,City94,State44,user94@example.com,1234567894
95,Name95,5095,Dept5,Address95,City95,State45,user95@example.com,1234567895
96,Name96,5096,Dept6,Address96,City96,State46,user96@example.com,1234567896
97,Name97,5097,Dept7,Address97,City97,State47,user97@example.com,1234567897
98,Name98,5098,Dept8,Address98,City98,State48,user98@example.com,1234567898
99,Name99,5099,Dept9,Address99,City99,State49,user99@example.com,1234567899
100,Name100,5000,Dept0,Address100,City0,State0,user100@example.com,1234567890
